,ID,condition,clip,ring,dice,sumScoreOfDice,rating
1,1,1,1,6,1,2,0
2,1,1,2,5,1,5,0
3,1,1,3,6,1,6,0
4,1,1,4,4,2,9,0
5,1,1,5,3,2,2,49
6,1,1,6,3,2,6,0
7,1,1,7,4,2,5,25
8,1,1,8,2,3,6,50
9,1,1,9,2,3,12,2
10,1,1,10,1,3,5,51
11,1,1,11,5,1,2,0
12,1,1,12,6,1,5,29
13,1,1,13,5,1,6,50
14,1,1,14,3,2,9,0
15,1,1,15,4,2,2,0
16,1,1,16,4,2,6,0
17,1,1,17,3,2,5,48
18,1,1,18,1,3,6,26
19,1,1,19,1,3,12,49
20,1,1,20,2,3,5,0
21,2,1,1,6,1,2,61
22,2,1,2,5,1,5,69
23,2,1,3,6,1,6,25
24,2,1,4,4,2,9,66
25,2,1,5,3,2,2,45
26,2,1,6,3,2,6,55
27,2,1,7,4,2,5,51
28,2,1,8,2,3,6,84
29,2,1,9,2,3,12,75
30,2,1,10,1,3,5,12
31,2,1,11,5,1,2,26
32,2,1,12,6,1,5,68
33,2,1,13,5,1,6,25
34,2,1,14,3,2,9,76
35,2,1,15,4,2,2,39
36,2,1,16,4,2,6,50
37,2,1,17,3,2,5,68
38,2,1,18,1,3,6,90
39,2,1,19,1,3,12,50
40,2,1,20,2,3,5,16
41,3,1,1,6,1,2,50
42,3,1,2,5,1,5,50
43,3,1,3,6,1,6,50
44,3,1,4,4,2,9,50
45,3,1,5,3,2,2,50
46,3,1,6,3,2,6,50
47,3,1,7,4,2,5,50
48,3,1,8,2,3,6,50
49,3,1,9,2,3,12,50
50,3,1,10,1,3,5,50
51,3,1,11,5,1,2,50
52,3,1,12,6,1,5,50
53,3,1,13,5,1,6,50
54,3,1,14,3,2,9,50
55,3,1,15,4,2,2,50
56,3,1,16,4,2,6,50
57,3,1,17,3,2,5,50
58,3,1,18,1,3,6,50
59,3,1,19,1,3,12,50
60,3,1,20,2,3,5,50
61,4,1,1,6,1,2,84
62,4,1,2,5,1,5,83
63,4,1,3,6,1,6,84
64,4,1,4,4,2,9,83
65,4,1,5,3,2,2,81
66,4,1,6,3,2,6,82
67,4,1,7,4,2,5,82
68,4,1,8,2,3,6,83
69,4,1,9,2,3,12,76
70,4,1,10,1,3,5,83
71,4,1,11,5,1,2,84
72,4,1,12,6,1,5,82
73,4,1,13,5,1,6,83
74,4,1,14,3,2,9,83
75,4,1,15,4,2,2,83
76,4,1,16,4,2,6,84
77,4,1,17,3,2,5,81
78,4,1,18,1,3,6,82
79,4,1,19,1,3,12,83
80,4,1,20,2,3,5,83
81,5,1,1,6,1,2,36
82,5,1,2,5,1,5,32
83,5,1,3,6,1,6,26
84,5,1,4,4,2,9,62
85,5,1,5,3,2,2,56
86,5,1,6,3,2,6,60
87,5,1,7,4,2,5,61
88,5,1,8,2,3,6,37
89,5,1,9,2,3,12,84
90,5,1,10,1,3,5,73
91,5,1,11,5,1,2,38
92,5,1,12,6,1,5,32
93,5,1,13,5,1,6,31
94,5,1,14,3,2,9,57
95,5,1,15,4,2,2,57
96,5,1,16,4,2,6,63
97,5,1,17,3,2,5,60
98,5,1,18,1,3,6,76
99,5,1,19,1,3,12,82
100,5,1,20,2,3,5,50
101,6,1,1,6,1,2,57
102,6,1,2,5,1,5,53
103,6,1,3,6,1,6,30
104,6,1,4,4,2,9,56
105,6,1,5,3,2,2,75
106,6,1,6,3,2,6,49
107,6,1,7,4,2,5,51
108,6,1,8,2,3,6,73
109,6,1,9,2,3,12,75
110,6,1,10,1,3,5,26
111,6,1,11,5,1,2,67
112,6,1,12,6,1,5,56
113,6,1,13,5,1,6,26
114,6,1,14,3,2,9,57
115,6,1,15,4,2,2,51
116,6,1,16,4,2,6,51
117,6,1,17,3,2,5,68
118,6,1,18,1,3,6,95
119,6,1,19,1,3,12,76
120,6,1,20,2,3,5,34
121,7,1,1,6,1,2,58
122,7,1,2,5,1,5,55
123,7,1,3,6,1,6,61
124,7,1,4,4,2,9,76
125,7,1,5,3,2,2,53
126,7,1,6,3,2,6,61
127,7,1,7,4,2,5,42
128,7,1,8,2,3,6,64
129,7,1,9,2,3,12,46
130,7,1,10,1,3,5,72
131,7,1,11,5,1,2,57
132,7,1,12,6,1,5,14
133,7,1,13,5,1,6,40
134,7,1,14,3,2,9,14
135,7,1,15,4,2,2,54
136,7,1,16,4,2,6,47
137,7,1,17,3,2,5,48
138,7,1,18,1,3,6,50
139,7,1,19,1,3,12,60
140,7,1,20,2,3,5,56
141,8,1,1,6,1,2,45
142,8,1,2,5,1,5,60
143,8,1,3,6,1,6,15
144,8,1,4,4,2,9,55
145,8,1,5,3,2,2,19
146,8,1,6,3,2,6,44
147,8,1,7,4,2,5,33
148,8,1,8,2,3,6,75
149,8,1,9,2,3,12,75
150,8,1,10,1,3,5,30
151,8,1,11,5,1,2,47
152,8,1,12,6,1,5,46
153,8,1,13,5,1,6,25
154,8,1,14,3,2,9,49
155,8,1,15,4,2,2,8
156,8,1,16,4,2,6,54
157,8,1,17,3,2,5,22
158,8,1,18,1,3,6,75
159,8,1,19,1,3,12,75
160,8,1,20,2,3,5,58
161,9,1,1,6,1,2,25
162,9,1,2,5,1,5,12
163,9,1,3,6,1,6,21
164,9,1,4,4,2,9,59
165,9,1,5,3,2,2,60
166,9,1,6,3,2,6,60
167,9,1,7,4,2,5,64
168,9,1,8,2,3,6,92
169,9,1,9,2,3,12,95
170,9,1,10,1,3,5,95
171,9,1,11,5,1,2,14
172,9,1,12,6,1,5,20
173,9,1,13,5,1,6,26
174,9,1,14,3,2,9,19
175,9,1,15,4,2,2,63
176,9,1,16,4,2,6,59
177,9,1,17,3,2,5,62
178,9,1,18,1,3,6,97
179,9,1,19,1,3,12,94
180,9,1,20,2,3,5,92
181,10,1,1,6,1,2,74
182,10,1,2,5,1,5,72
183,10,1,3,6,1,6,30
184,10,1,4,4,2,9,65
185,10,1,5,3,2,2,76
186,10,1,6,3,2,6,64
187,10,1,7,4,2,5,61
188,10,1,8,2,3,6,93
189,10,1,9,2,3,12,86
190,10,1,10,1,3,5,90
191,10,1,11,5,1,2,70
192,10,1,12,6,1,5,82
193,10,1,13,5,1,6,23
194,10,1,14,3,2,9,86
195,10,1,15,4,2,2,58
196,10,1,16,4,2,6,49
197,10,1,17,3,2,5,64
198,10,1,18,1,3,6,82
199,10,1,19,1,3,12,88
200,10,1,20,2,3,5,24
201,11,1,1,6,1,2,75
202,11,1,2,5,1,5,75
203,11,1,3,6,1,6,75
204,11,1,4,4,2,9,80
205,11,1,5,3,2,2,80
206,11,1,6,3,2,6,80
207,11,1,7,4,2,5,80
208,11,1,8,2,3,6,85
209,11,1,9,2,3,12,75
210,11,1,10,1,3,5,85
211,11,1,11,5,1,2,75
212,11,1,12,6,1,5,75
213,11,1,13,5,1,6,75
214,11,1,14,3,2,9,80
215,11,1,15,4,2,2,80
216,11,1,16,4,2,6,80
217,11,1,17,3,2,5,75
218,11,1,18,1,3,6,85
219,11,1,19,1,3,12,85
220,11,1,20,2,3,5,85
221,12,1,1,6,1,2,58
222,12,1,2,5,1,5,76
223,12,1,3,6,1,6,62
224,12,1,4,4,2,9,71
225,12,1,5,3,2,2,73
226,12,1,6,3,2,6,75
227,12,1,7,4,2,5,76
228,12,1,8,2,3,6,73
229,12,1,9,2,3,12,69
230,12,1,10,1,3,5,68
231,12,1,11,5,1,2,84
232,12,1,12,6,1,5,78
233,12,1,13,5,1,6,77
234,12,1,14,3,2,9,79
235,12,1,15,4,2,2,76
236,12,1,16,4,2,6,100
237,12,1,17,3,2,5,70
238,12,1,18,1,3,6,87
239,12,1,19,1,3,12,75
240,12,1,20,2,3,5,70
241,13,1,1,6,1,2,83
242,13,1,2,5,1,5,89
243,13,1,3,6,1,6,40
244,13,1,4,4,2,9,59
245,13,1,5,3,2,2,42
246,13,1,6,3,2,6,57
247,13,1,7,4,2,5,62
248,13,1,8,2,3,6,100
249,13,1,9,2,3,12,85
250,13,1,10,1,3,5,14
251,13,1,11,5,1,2,86
252,13,1,12,6,1,5,86
253,13,1,13,5,1,6,77
254,13,1,14,3,2,9,25
255,13,1,15,4,2,2,51
256,13,1,16,4,2,6,81
257,13,1,17,3,2,5,46
258,13,1,18,1,3,6,100
259,13,1,19,1,3,12,66
260,13,1,20,2,3,5,49
261,14,1,1,6,1,2,79
262,14,1,2,5,1,5,79
263,14,1,3,6,1,6,86
264,14,1,4,4,2,9,84
265,14,1,5,3,2,2,75
266,14,1,6,3,2,6,88
267,14,1,7,4,2,5,70
268,14,1,8,2,3,6,94
269,14,1,9,2,3,12,88
270,14,1,10,1,3,5,70
271,14,1,11,5,1,2,65
272,14,1,12,6,1,5,62
273,14,1,13,5,1,6,58
274,14,1,14,3,2,9,83
275,14,1,15,4,2,2,87
276,14,1,16,4,2,6,85
277,14,1,17,3,2,5,60
278,14,1,18,1,3,6,68
279,14,1,19,1,3,12,89
280,14,1,20,2,3,5,79
281,15,1,1,6,1,2,49
282,15,1,2,5,1,5,75
283,15,1,3,6,1,6,12
284,15,1,4,4,2,9,75
285,15,1,5,3,2,2,14
286,15,1,6,3,2,6,76
287,15,1,7,4,2,5,25
288,15,1,8,2,3,6,75
289,15,1,9,2,3,12,91
290,15,1,10,1,3,5,14
291,15,1,11,5,1,2,50
292,15,1,12,6,1,5,76
293,15,1,13,5,1,6,25
294,15,1,14,3,2,9,50
295,15,1,15,4,2,2,25
296,15,1,16,4,2,6,50
297,15,1,17,3,2,5,27
298,15,1,18,1,3,6,87
299,15,1,19,1,3,12,75
300,15,1,20,2,3,5,25
301,16,1,1,6,1,2,90
302,16,1,2,5,1,5,90
303,16,1,3,6,1,6,26
304,16,1,4,4,2,9,50
305,16,1,5,3,2,2,50
306,16,1,6,3,2,6,50
307,16,1,7,4,2,5,50
308,16,1,8,2,3,6,90
309,16,1,9,2,3,12,91
310,16,1,10,1,3,5,0
311,16,1,11,5,1,2,86
312,16,1,12,6,1,5,12
313,16,1,13,5,1,6,12
314,16,1,14,3,2,9,50
315,16,1,15,4,2,2,50
316,16,1,16,4,2,6,50
317,16,1,17,3,2,5,54
318,16,1,18,1,3,6,76
319,16,1,19,1,3,12,76
320,16,1,20,2,3,5,0
321,17,1,1,6,1,2,90
322,17,1,2,5,1,5,90
323,17,1,3,6,1,6,9
324,17,1,4,4,2,9,50
325,17,1,5,3,2,2,50
326,17,1,6,3,2,6,50
327,17,1,7,4,2,5,50
328,17,1,8,2,3,6,90
329,17,1,9,2,3,12,7
330,17,1,10,1,3,5,0
331,17,1,11,5,1,2,90
332,17,1,12,6,1,5,90
333,17,1,13,5,1,6,0
334,17,1,14,3,2,9,50
335,17,1,15,4,2,2,50
336,17,1,16,4,2,6,50
337,17,1,17,3,2,5,50
338,17,1,18,1,3,6,89
339,17,1,19,1,3,12,90
340,17,1,20,2,3,5,0
341,18,1,1,6,1,2,100
342,18,1,2,5,1,5,100
343,18,1,3,6,1,6,100
344,18,1,4,4,2,9,100
345,18,1,5,3,2,2,100
346,18,1,6,3,2,6,100
347,18,1,7,4,2,5,100
348,18,1,8,2,3,6,100
349,18,1,9,2,3,12,100
350,18,1,10,1,3,5,100
351,18,1,11,5,1,2,100
352,18,1,12,6,1,5,100
353,18,1,13,5,1,6,100
354,18,1,14,3,2,9,100
355,18,1,15,4,2,2,100
356,18,1,16,4,2,6,100
357,18,1,17,3,2,5,100
358,18,1,18,1,3,6,100
359,18,1,19,1,3,12,100
360,18,1,20,2,3,5,100
361,19,1,1,6,1,2,84
362,19,1,2,5,1,5,85
363,19,1,3,6,1,6,84
364,19,1,4,4,2,9,75
365,19,1,5,3,2,2,75
366,19,1,6,3,2,6,75
367,19,1,7,4,2,5,77
368,19,1,8,2,3,6,77
369,19,1,9,2,3,12,79
370,19,1,10,1,3,5,77
371,19,1,11,5,1,2,82
372,19,1,12,6,1,5,86
373,19,1,13,5,1,6,86
374,19,1,14,3,2,9,76
375,19,1,15,4,2,2,70
376,19,1,16,4,2,6,75
377,19,1,17,3,2,5,76
378,19,1,18,1,3,6,80
379,19,1,19,1,3,12,78
380,19,1,20,2,3,5,75
381,20,1,1,6,1,2,47
382,20,1,2,5,1,5,34
383,20,1,3,6,1,6,17
384,20,1,4,4,2,9,38
385,20,1,5,3,2,2,20
386,20,1,6,3,2,6,35
387,20,1,7,4,2,5,19
388,20,1,8,2,3,6,48
389,20,1,9,2,3,12,45
390,20,1,10,1,3,5,32
391,20,1,11,5,1,2,32
392,20,1,12,6,1,5,29
393,20,1,13,5,1,6,7
394,20,1,14,3,2,9,36
395,20,1,15,4,2,2,33
396,20,1,16,4,2,6,41
397,20,1,17,3,2,5,36
398,20,1,18,1,3,6,43
399,20,1,19,1,3,12,39
400,20,1,20,2,3,5,36
401,21,1,1,6,1,2,16
402,21,1,2,5,1,5,17
403,21,1,3,6,1,6,14
404,21,1,4,4,2,9,26
405,21,1,5,3,2,2,25
406,21,1,6,3,2,6,25
407,21,1,7,4,2,5,27
408,21,1,8,2,3,6,51
409,21,1,9,2,3,12,50
410,21,1,10,1,3,5,50
411,21,1,11,5,1,2,14
412,21,1,12,6,1,5,15
413,21,1,13,5,1,6,18
414,21,1,14,3,2,9,2
415,21,1,15,4,2,2,25
416,21,1,16,4,2,6,26
417,21,1,17,3,2,5,13
418,21,1,18,1,3,6,20
419,21,1,19,1,3,12,50
420,21,1,20,2,3,5,38
421,22,1,1,6,1,2,50
422,22,1,2,5,1,5,50
423,22,1,3,6,1,6,50
424,22,1,4,4,2,9,50
425,22,1,5,3,2,2,50
426,22,1,6,3,2,6,50
427,22,1,7,4,2,5,50
428,22,1,8,2,3,6,50
429,22,1,9,2,3,12,50
430,22,1,10,1,3,5,50
431,22,1,11,5,1,2,50
432,22,1,12,6,1,5,50
433,22,1,13,5,1,6,50
434,22,1,14,3,2,9,50
435,22,1,15,4,2,2,50
436,22,1,16,4,2,6,50
437,22,1,17,3,2,5,50
438,22,1,18,1,3,6,50
439,22,1,19,1,3,12,50
440,22,1,20,2,3,5,50
441,23,1,1,6,1,2,50
442,23,1,2,5,1,5,50
443,23,1,3,6,1,6,50
444,23,1,4,4,2,9,50
445,23,1,5,3,2,2,50
446,23,1,6,3,2,6,51
447,23,1,7,4,2,5,49
448,23,1,8,2,3,6,50
449,23,1,9,2,3,12,51
450,23,1,10,1,3,5,50
451,23,1,11,5,1,2,49
452,23,1,12,6,1,5,50
453,23,1,13,5,1,6,50
454,23,1,14,3,2,9,50
455,23,1,15,4,2,2,50
456,23,1,16,4,2,6,50
457,23,1,17,3,2,5,50
458,23,1,18,1,3,6,50
459,23,1,19,1,3,12,50
460,23,1,20,2,3,5,50
461,24,1,1,6,1,2,68
462,24,1,2,5,1,5,53
463,24,1,3,6,1,6,64
464,24,1,4,4,2,9,69
465,24,1,5,3,2,2,87
466,24,1,6,3,2,6,77
467,24,1,7,4,2,5,57
468,24,1,8,2,3,6,91
469,24,1,9,2,3,12,75
470,24,1,10,1,3,5,76
471,24,1,11,5,1,2,51
472,24,1,12,6,1,5,70
473,24,1,13,5,1,6,52
474,24,1,14,3,2,9,81
475,24,1,15,4,2,2,75
476,24,1,16,4,2,6,54
477,24,1,17,3,2,5,84
478,24,1,18,1,3,6,77
479,24,1,19,1,3,12,75
480,24,1,20,2,3,5,89
481,25,1,1,6,1,2,70
482,25,1,2,5,1,5,69
483,25,1,3,6,1,6,47
484,25,1,4,4,2,9,36
485,25,1,5,3,2,2,32
486,25,1,6,3,2,6,37
487,25,1,7,4,2,5,55
488,25,1,8,2,3,6,51
489,25,1,9,2,3,12,50
490,25,1,10,1,3,5,48
491,25,1,11,5,1,2,75
492,25,1,12,6,1,5,30
493,25,1,13,5,1,6,40
494,25,1,14,3,2,9,46
495,25,1,15,4,2,2,61
496,25,1,16,4,2,6,53
497,25,1,17,3,2,5,44
498,25,1,18,1,3,6,58
499,25,1,19,1,3,12,79
500,25,1,20,2,3,5,48
501,26,1,1,6,1,2,76
502,26,1,2,5,1,5,83
503,26,1,3,6,1,6,7
504,26,1,4,4,2,9,9
505,26,1,5,3,2,2,43
506,26,1,6,3,2,6,47
507,26,1,7,4,2,5,44
508,26,1,8,2,3,6,84
509,26,1,9,2,3,12,83
510,26,1,10,1,3,5,4
511,26,1,11,5,1,2,37
512,26,1,12,6,1,5,38
513,26,1,13,5,1,6,14
514,26,1,14,3,2,9,17
515,26,1,15,4,2,2,68
516,26,1,16,4,2,6,42
517,26,1,17,3,2,5,44
518,26,1,18,1,3,6,94
519,26,1,19,1,3,12,86
520,26,1,20,2,3,5,27
521,27,1,1,6,1,2,50
522,27,1,2,5,1,5,50
523,27,1,3,6,1,6,12
524,27,1,4,4,2,9,75
525,27,1,5,3,2,2,50
526,27,1,6,3,2,6,50
527,27,1,7,4,2,5,50
528,27,1,8,2,3,6,75
529,27,1,9,2,3,12,75
530,27,1,10,1,3,5,75
531,27,1,11,5,1,2,50
532,27,1,12,6,1,5,5
533,27,1,13,5,1,6,30
534,27,1,14,3,2,9,75
535,27,1,15,4,2,2,25
536,27,1,16,4,2,6,50
537,27,1,17,3,2,5,50
538,27,1,18,1,3,6,75
539,27,1,19,1,3,12,75
540,27,1,20,2,3,5,0
541,28,1,1,6,1,2,85
542,28,1,2,5,1,5,73
543,28,1,3,6,1,6,6
544,28,1,4,4,2,9,63
545,28,1,5,3,2,2,14
546,28,1,6,3,2,6,50
547,28,1,7,4,2,5,20
548,28,1,8,2,3,6,91
549,28,1,9,2,3,12,93
550,28,1,10,1,3,5,0
551,28,1,11,5,1,2,49
552,28,1,12,6,1,5,78
553,28,1,13,5,1,6,16
554,28,1,14,3,2,9,50
555,28,1,15,4,2,2,15
556,28,1,16,4,2,6,65
557,28,1,17,3,2,5,13
558,28,1,18,1,3,6,87
559,28,1,19,1,3,12,100
560,28,1,20,2,3,5,12
561,29,1,1,6,1,2,74
562,29,1,2,5,1,5,76
563,29,1,3,6,1,6,75
564,29,1,4,4,2,9,93
565,29,1,5,3,2,2,83
566,29,1,6,3,2,6,87
567,29,1,7,4,2,5,75
568,29,1,8,2,3,6,90
569,29,1,9,2,3,12,50
570,29,1,10,1,3,5,75
571,29,1,11,5,1,2,86
572,29,1,12,6,1,5,75
573,29,1,13,5,1,6,98
574,29,1,14,3,2,9,97
575,29,1,15,4,2,2,99
576,29,1,16,4,2,6,50
577,29,1,17,3,2,5,91
578,29,1,18,1,3,6,99
579,29,1,19,1,3,12,94
580,29,1,20,2,3,5,94
581,30,1,1,6,1,2,70
582,30,1,2,5,1,5,84
583,30,1,3,6,1,6,16
584,30,1,4,4,2,9,60
585,30,1,5,3,2,2,20
586,30,1,6,3,2,6,70
587,30,1,7,4,2,5,35
588,30,1,8,2,3,6,95
589,30,1,9,2,3,12,90
590,30,1,10,1,3,5,5
591,30,1,11,5,1,2,84
592,30,1,12,6,1,5,85
593,30,1,13,5,1,6,16
594,30,1,14,3,2,9,75
595,30,1,15,4,2,2,25
596,30,1,16,4,2,6,75
597,30,1,17,3,2,5,35
598,30,1,18,1,3,6,95
599,30,1,19,1,3,12,95
600,30,1,20,2,3,5,5
601,31,1,1,6,1,2,75
602,31,1,2,5,1,5,66
603,31,1,3,6,1,6,26
604,31,1,4,4,2,9,75
605,31,1,5,3,2,2,35
606,31,1,6,3,2,6,75
607,31,1,7,4,2,5,41
608,31,1,8,2,3,6,81
609,31,1,9,2,3,12,87
610,31,1,10,1,3,5,12
611,31,1,11,5,1,2,76
612,31,1,12,6,1,5,7
613,31,1,13,5,1,6,25
614,31,1,14,3,2,9,70
615,31,1,15,4,2,2,35
616,31,1,16,4,2,6,70
617,31,1,17,3,2,5,35
618,31,1,18,1,3,6,82
619,31,1,19,1,3,12,85
620,31,1,20,2,3,5,15
621,32,1,1,6,1,2,25
622,32,1,2,5,1,5,25
623,32,1,3,6,1,6,25
624,32,1,4,4,2,9,25
625,32,1,5,3,2,2,25
626,32,1,6,3,2,6,25
627,32,1,7,4,2,5,25
628,32,1,8,2,3,6,30
629,32,1,9,2,3,12,30
630,32,1,10,1,3,5,30
631,32,1,11,5,1,2,25
632,32,1,12,6,1,5,25
633,32,1,13,5,1,6,25
634,32,1,14,3,2,9,25
635,32,1,15,4,2,2,25
636,32,1,16,4,2,6,25
637,32,1,17,3,2,5,25
638,32,1,18,1,3,6,30
639,32,1,19,1,3,12,30
640,32,1,20,2,3,5,30
641,33,1,1,6,1,2,50
642,33,1,2,5,1,5,60
643,33,1,3,6,1,6,45
644,33,1,4,4,2,9,25
645,33,1,5,3,2,2,30
646,33,1,6,3,2,6,25
647,33,1,7,4,2,5,35
648,33,1,8,2,3,6,40
649,33,1,9,2,3,12,25
650,33,1,10,1,3,5,60
651,33,1,11,5,1,2,20
652,33,1,12,6,1,5,40
653,33,1,13,5,1,6,40
654,33,1,14,3,2,9,55
655,33,1,15,4,2,2,35
656,33,1,16,4,2,6,40
657,33,1,17,3,2,5,50
658,33,1,18,1,3,6,40
659,33,1,19,1,3,12,65
660,33,1,20,2,3,5,3
661,34,1,1,6,1,2,10
662,34,1,2,5,1,5,25
663,34,1,3,6,1,6,75
664,34,1,4,4,2,9,90
665,34,1,5,3,2,2,10
666,34,1,6,3,2,6,1
667,34,1,7,4,2,5,24
668,34,1,8,2,3,6,75
669,34,1,9,2,3,12,90
670,34,1,10,1,3,5,8
671,34,1,11,5,1,2,6
672,34,1,12,6,1,5,15
673,34,1,13,5,1,6,75
674,34,1,14,3,2,9,90
675,34,1,15,4,2,2,50
676,34,1,16,4,2,6,75
677,34,1,17,3,2,5,19
678,34,1,18,1,3,6,75
679,34,1,19,1,3,12,3
680,34,1,20,2,3,5,25
681,35,1,1,6,1,2,19
682,35,1,2,5,1,5,17
683,35,1,3,6,1,6,54
684,35,1,4,4,2,9,41
685,35,1,5,3,2,2,19
686,35,1,6,3,2,6,54
687,35,1,7,4,2,5,12
688,35,1,8,2,3,6,45
689,35,1,9,2,3,12,50
690,35,1,10,1,3,5,47
691,35,1,11,5,1,2,20
692,35,1,12,6,1,5,23
693,35,1,13,5,1,6,1
694,35,1,14,3,2,9,14
695,35,1,15,4,2,2,23
696,35,1,16,4,2,6,61
697,35,1,17,3,2,5,9
698,35,1,18,1,3,6,44
699,35,1,19,1,3,12,14
700,35,1,20,2,3,5,17
701,36,1,1,6,1,2,58
702,36,1,2,5,1,5,42
703,36,1,3,6,1,6,71
704,36,1,4,4,2,9,63
705,36,1,5,3,2,2,54
706,36,1,6,3,2,6,79
707,36,1,7,4,2,5,46
708,36,1,8,2,3,6,80
709,36,1,9,2,3,12,80
710,36,1,10,1,3,5,73
711,36,1,11,5,1,2,96
712,36,1,12,6,1,5,57
713,36,1,13,5,1,6,84
714,36,1,14,3,2,9,55
715,36,1,15,4,2,2,41
716,36,1,16,4,2,6,59
717,36,1,17,3,2,5,41
718,36,1,18,1,3,6,79
719,36,1,19,1,3,12,62
720,36,1,20,2,3,5,33
721,37,1,1,6,1,2,50
722,37,1,2,5,1,5,50
723,37,1,3,6,1,6,50
724,37,1,4,4,2,9,66
725,37,1,5,3,2,2,50
726,37,1,6,3,2,6,75
727,37,1,7,4,2,5,60
728,37,1,8,2,3,6,75
729,37,1,9,2,3,12,75
730,37,1,10,1,3,5,50
731,37,1,11,5,1,2,50
732,37,1,12,6,1,5,50
733,37,1,13,5,1,6,50
734,37,1,14,3,2,9,75
735,37,1,15,4,2,2,50
736,37,1,16,4,2,6,75
737,37,1,17,3,2,5,50
738,37,1,18,1,3,6,75
739,37,1,19,1,3,12,75
740,37,1,20,2,3,5,50
741,38,1,1,6,1,2,100
742,38,1,2,5,1,5,98
743,38,1,3,6,1,6,100
744,38,1,4,4,2,9,100
745,38,1,5,3,2,2,100
746,38,1,6,3,2,6,98
747,38,1,7,4,2,5,100
748,38,1,8,2,3,6,100
749,38,1,9,2,3,12,98
750,38,1,10,1,3,5,100
751,38,1,11,5,1,2,100
752,38,1,12,6,1,5,100
753,38,1,13,5,1,6,98
754,38,1,14,3,2,9,100
755,38,1,15,4,2,2,100
756,38,1,16,4,2,6,100
757,38,1,17,3,2,5,100
758,38,1,18,1,3,6,100
759,38,1,19,1,3,12,100
760,38,1,20,2,3,5,100
761,39,1,1,6,1,2,15
762,39,1,2,5,1,5,19
763,39,1,3,6,1,6,30
764,39,1,4,4,2,9,53
765,39,1,5,3,2,2,44
766,39,1,6,3,2,6,58
767,39,1,7,4,2,5,35
768,39,1,8,2,3,6,96
769,39,1,9,2,3,12,98
770,39,1,10,1,3,5,82
771,39,1,11,5,1,2,17
772,39,1,12,6,1,5,20
773,39,1,13,5,1,6,36
774,39,1,14,3,2,9,62
775,39,1,15,4,2,2,36
776,39,1,16,4,2,6,46
777,39,1,17,3,2,5,12
778,39,1,18,1,3,6,94
779,39,1,19,1,3,12,98
780,39,1,20,2,3,5,51
781,40,1,1,6,1,2,81
782,40,1,2,5,1,5,82
783,40,1,3,6,1,6,22
784,40,1,4,4,2,9,52
785,40,1,5,3,2,2,53
786,40,1,6,3,2,6,51
787,40,1,7,4,2,5,53
788,40,1,8,2,3,6,75
789,40,1,9,2,3,12,78
790,40,1,10,1,3,5,23
791,40,1,11,5,1,2,82
792,40,1,12,6,1,5,77
793,40,1,13,5,1,6,26
794,40,1,14,3,2,9,53
795,40,1,15,4,2,2,50
796,40,1,16,4,2,6,50
797,40,1,17,3,2,5,52
798,40,1,18,1,3,6,82
799,40,1,19,1,3,12,80
800,40,1,20,2,3,5,25
801,41,1,1,6,1,2,100
802,41,1,2,5,1,5,100
803,41,1,3,6,1,6,0
804,41,1,4,4,2,9,50
805,41,1,5,3,2,2,50
806,41,1,6,3,2,6,50
807,41,1,7,4,2,5,50
808,41,1,8,2,3,6,100
809,41,1,9,2,3,12,100
810,41,1,10,1,3,5,0
811,41,1,11,5,1,2,50
812,41,1,12,6,1,5,100
813,41,1,13,5,1,6,100
814,41,1,14,3,2,9,25
815,41,1,15,4,2,2,50
816,41,1,16,4,2,6,50
817,41,1,17,3,2,5,50
818,41,1,18,1,3,6,50
819,41,1,19,1,3,12,100
820,41,1,20,2,3,5,0
821,42,1,1,6,1,2,25
822,42,1,2,5,1,5,25
823,42,1,3,6,1,6,75
824,42,1,4,4,2,9,50
825,42,1,5,3,2,2,50
826,42,1,6,3,2,6,56
827,42,1,7,4,2,5,50
828,42,1,8,2,3,6,26
829,42,1,9,2,3,12,75
830,42,1,10,1,3,5,78
831,42,1,11,5,1,2,17
832,42,1,12,6,1,5,19
833,42,1,13,5,1,6,25
834,42,1,14,3,2,9,51
835,42,1,15,4,2,2,50
836,42,1,16,4,2,6,50
837,42,1,17,3,2,5,55
838,42,1,18,1,3,6,75
839,42,1,19,1,3,12,11
840,42,1,20,2,3,5,25
841,43,1,1,6,1,2,50
842,43,1,2,5,1,5,50
843,43,1,3,6,1,6,50
844,43,1,4,4,2,9,50
845,43,1,5,3,2,2,50
846,43,1,6,3,2,6,50
847,43,1,7,4,2,5,50
848,43,1,8,2,3,6,50
849,43,1,9,2,3,12,50
850,43,1,10,1,3,5,50
851,43,1,11,5,1,2,50
852,43,1,12,6,1,5,50
853,43,1,13,5,1,6,50
854,43,1,14,3,2,9,50
855,43,1,15,4,2,2,50
856,43,1,16,4,2,6,50
857,43,1,17,3,2,5,50
858,43,1,18,1,3,6,50
859,43,1,19,1,3,12,50
860,43,1,20,2,3,5,50
861,44,1,1,6,1,2,50
862,44,1,2,5,1,5,50
863,44,1,3,6,1,6,50
864,44,1,4,4,2,9,75
865,44,1,5,3,2,2,66
866,44,1,6,3,2,6,75
867,44,1,7,4,2,5,66
868,44,1,8,2,3,6,99
869,44,1,9,2,3,12,100
870,44,1,10,1,3,5,75
871,44,1,11,5,1,2,50
872,44,1,12,6,1,5,50
873,44,1,13,5,1,6,50
874,44,1,14,3,2,9,75
875,44,1,15,4,2,2,65
876,44,1,16,4,2,6,75
877,44,1,17,3,2,5,65
878,44,1,18,1,3,6,100
879,44,1,19,1,3,12,100
880,44,1,20,2,3,5,76
881,45,1,1,6,1,2,40
882,45,1,2,5,1,5,32
883,45,1,3,6,1,6,49
884,45,1,4,4,2,9,63
885,45,1,5,3,2,2,45
886,45,1,6,3,2,6,43
887,45,1,7,4,2,5,46
888,45,1,8,2,3,6,28
889,45,1,9,2,3,12,66
890,45,1,10,1,3,5,50
891,45,1,11,5,1,2,67
892,45,1,12,6,1,5,59
893,45,1,13,5,1,6,52
894,45,1,14,3,2,9,55
895,45,1,15,4,2,2,47
896,45,1,16,4,2,6,37
897,45,1,17,3,2,5,61
898,45,1,18,1,3,6,34
899,45,1,19,1,3,12,41
900,45,1,20,2,3,5,56
901,46,1,1,6,1,2,50
902,46,1,2,5,1,5,50
903,46,1,3,6,1,6,51
904,46,1,4,4,2,9,51
905,46,1,5,3,2,2,100
906,46,1,6,3,2,6,4
907,46,1,7,4,2,5,50
908,46,1,8,2,3,6,49
909,46,1,9,2,3,12,50
910,46,1,10,1,3,5,6
911,46,1,11,5,1,2,100
912,46,1,12,6,1,5,50
913,46,1,13,5,1,6,51
914,46,1,14,3,2,9,50
915,46,1,15,4,2,2,50
916,46,1,16,4,2,6,50
917,46,1,17,3,2,5,51
918,46,1,18,1,3,6,51
919,46,1,19,1,3,12,50
920,46,1,20,2,3,5,50
921,47,1,1,6,1,2,62
922,47,1,2,5,1,5,67
923,47,1,3,6,1,6,68
924,47,1,4,4,2,9,70
925,47,1,5,3,2,2,63
926,47,1,6,3,2,6,71
927,47,1,7,4,2,5,50
928,47,1,8,2,3,6,67
929,47,1,9,2,3,12,66
930,47,1,10,1,3,5,68
931,47,1,11,5,1,2,68
932,47,1,12,6,1,5,68
933,47,1,13,5,1,6,63
934,47,1,14,3,2,9,63
935,47,1,15,4,2,2,67
936,47,1,16,4,2,6,65
937,47,1,17,3,2,5,66
938,47,1,18,1,3,6,64
939,47,1,19,1,3,12,68
940,47,1,20,2,3,5,56
941,48,1,1,6,1,2,60
942,48,1,2,5,1,5,50
943,48,1,3,6,1,6,44
944,48,1,4,4,2,9,62
945,48,1,5,3,2,2,54
946,48,1,6,3,2,6,54
947,48,1,7,4,2,5,42
948,48,1,8,2,3,6,58
949,48,1,9,2,3,12,60
950,48,1,10,1,3,5,40
951,48,1,11,5,1,2,19
952,48,1,12,6,1,5,62
953,48,1,13,5,1,6,55
954,48,1,14,3,2,9,60
955,48,1,15,4,2,2,52
956,48,1,16,4,2,6,41
957,48,1,17,3,2,5,36
958,48,1,18,1,3,6,63
959,48,1,19,1,3,12,60
960,48,1,20,2,3,5,33
961,49,1,1,6,1,2,99
962,49,1,2,5,1,5,99
963,49,1,3,6,1,6,98
964,49,1,4,4,2,9,99
965,49,1,5,3,2,2,99
966,49,1,6,3,2,6,100
967,49,1,7,4,2,5,99
968,49,1,8,2,3,6,100
969,49,1,9,2,3,12,99
970,49,1,10,1,3,5,100
971,49,1,11,5,1,2,96
972,49,1,12,6,1,5,99
973,49,1,13,5,1,6,99
974,49,1,14,3,2,9,99
975,49,1,15,4,2,2,99
976,49,1,16,4,2,6,99
977,49,1,17,3,2,5,99
978,49,1,18,1,3,6,99
979,49,1,19,1,3,12,99
980,49,1,20,2,3,5,99
981,50,1,1,6,1,2,0
982,50,1,2,5,1,5,0
983,50,1,3,6,1,6,0
984,50,1,4,4,2,9,0
985,50,1,5,3,2,2,0
986,50,1,6,3,2,6,0
987,50,1,7,4,2,5,0
988,50,1,8,2,3,6,0
989,50,1,9,2,3,12,0
990,50,1,10,1,3,5,0
991,50,1,11,5,1,2,0
992,50,1,12,6,1,5,0
993,50,1,13,5,1,6,0
994,50,1,14,3,2,9,0
995,50,1,15,4,2,2,0
996,50,1,16,4,2,6,0
997,50,1,17,3,2,5,0
998,50,1,18,1,3,6,0
999,50,1,19,1,3,12,0
1000,50,1,20,2,3,5,0
1001,51,2,1,6,1,2,100
1002,51,2,2,5,1,5,100
1003,51,2,3,6,1,6,100
1004,51,2,4,4,2,9,100
1005,51,2,5,3,2,2,100
1006,51,2,6,3,2,6,100
1007,51,2,7,4,2,5,100
1008,51,2,8,2,3,6,100
1009,51,2,9,2,3,12,100
1010,51,2,10,1,3,5,100
1011,51,2,11,5,1,2,100
1012,51,2,12,6,1,5,100
1013,51,2,13,5,1,6,100
1014,51,2,14,3,2,9,100
1015,51,2,15,4,2,2,100
1016,51,2,16,4,2,6,100
1017,51,2,17,3,2,5,100
1018,51,2,18,1,3,6,100
1019,51,2,19,1,3,12,100
1020,51,2,20,2,3,5,100
1021,52,2,1,6,1,2,57
1022,52,2,2,5,1,5,49
1023,52,2,3,6,1,6,56
1024,52,2,4,4,2,9,58
1025,52,2,5,3,2,2,55
1026,52,2,6,3,2,6,64
1027,52,2,7,4,2,5,62
1028,52,2,8,2,3,6,63
1029,52,2,9,2,3,12,29
1030,52,2,10,1,3,5,55
1031,52,2,11,5,1,2,56
1032,52,2,12,6,1,5,59
1033,52,2,13,5,1,6,26
1034,52,2,14,3,2,9,71
1035,52,2,15,4,2,2,32
1036,52,2,16,4,2,6,35
1037,52,2,17,3,2,5,45
1038,52,2,18,1,3,6,62
1039,52,2,19,1,3,12,58
1040,52,2,20,2,3,5,61
1041,53,2,1,6,1,2,55
1042,53,2,2,5,1,5,58
1043,53,2,3,6,1,6,61
1044,53,2,4,4,2,9,64
1045,53,2,5,3,2,2,55
1046,53,2,6,3,2,6,65
1047,53,2,7,4,2,5,65
1048,53,2,8,2,3,6,25
1049,53,2,9,2,3,12,52
1050,53,2,10,1,3,5,51
1051,53,2,11,5,1,2,50
1052,53,2,12,6,1,5,63
1053,53,2,13,5,1,6,53
1054,53,2,14,3,2,9,34
1055,53,2,15,4,2,2,55
1056,53,2,16,4,2,6,54
1057,53,2,17,3,2,5,26
1058,53,2,18,1,3,6,33
1059,53,2,19,1,3,12,58
1060,53,2,20,2,3,5,63
1061,54,2,1,6,1,2,28
1062,54,2,2,5,1,5,23
1063,54,2,3,6,1,6,33
1064,54,2,4,4,2,9,76
1065,54,2,5,3,2,2,25
1066,54,2,6,3,2,6,66
1067,54,2,7,4,2,5,20
1068,54,2,8,2,3,6,75
1069,54,2,9,2,3,12,74
1070,54,2,10,1,3,5,14
1071,54,2,11,5,1,2,25
1072,54,2,12,6,1,5,22
1073,54,2,13,5,1,6,32
1074,54,2,14,3,2,9,72
1075,54,2,15,4,2,2,33
1076,54,2,16,4,2,6,20
1077,54,2,17,3,2,5,16
1078,54,2,18,1,3,6,70
1079,54,2,19,1,3,12,79
1080,54,2,20,2,3,5,11
1081,55,2,1,6,1,2,25
1082,55,2,2,5,1,5,50
1083,55,2,3,6,1,6,25
1084,55,2,4,4,2,9,50
1085,55,2,5,3,2,2,49
1086,55,2,6,3,2,6,50
1087,55,2,7,4,2,5,50
1088,55,2,8,2,3,6,76
1089,55,2,9,2,3,12,75
1090,55,2,10,1,3,5,75
1091,55,2,11,5,1,2,25
1092,55,2,12,6,1,5,25
1093,55,2,13,5,1,6,50
1094,55,2,14,3,2,9,50
1095,55,2,15,4,2,2,24
1096,55,2,16,4,2,6,50
1097,55,2,17,3,2,5,25
1098,55,2,18,1,3,6,76
1099,55,2,19,1,3,12,75
1100,55,2,20,2,3,5,75
1101,56,2,1,6,1,2,55
1102,56,2,2,5,1,5,57
1103,56,2,3,6,1,6,62
1104,56,2,4,4,2,9,64
1105,56,2,5,3,2,2,65
1106,56,2,6,3,2,6,67
1107,56,2,7,4,2,5,65
1108,56,2,8,2,3,6,76
1109,56,2,9,2,3,12,76
1110,56,2,10,1,3,5,65
1111,56,2,11,5,1,2,49
1112,56,2,12,6,1,5,51
1113,56,2,13,5,1,6,60
1114,56,2,14,3,2,9,65
1115,56,2,15,4,2,2,63
1116,56,2,16,4,2,6,65
1117,56,2,17,3,2,5,65
1118,56,2,18,1,3,6,75
1119,56,2,19,1,3,12,77
1120,56,2,20,2,3,5,63
1121,57,2,1,6,1,2,75
1122,57,2,2,5,1,5,75
1123,57,2,3,6,1,6,75
1124,57,2,4,4,2,9,76
1125,57,2,5,3,2,2,74
1126,57,2,6,3,2,6,75
1127,57,2,7,4,2,5,74
1128,57,2,8,2,3,6,75
1129,57,2,9,2,3,12,75
1130,57,2,10,1,3,5,75
1131,57,2,11,5,1,2,76
1132,57,2,12,6,1,5,75
1133,57,2,13,5,1,6,75
1134,57,2,14,3,2,9,75
1135,57,2,15,4,2,2,75
1136,57,2,16,4,2,6,75
1137,57,2,17,3,2,5,75
1138,57,2,18,1,3,6,75
1139,57,2,19,1,3,12,75
1140,57,2,20,2,3,5,75
1141,58,2,1,6,1,2,75
1142,58,2,2,5,1,5,76
1143,58,2,3,6,1,6,1
1144,58,2,4,4,2,9,50
1145,58,2,5,3,2,2,11
1146,58,2,6,3,2,6,50
1147,58,2,7,4,2,5,15
1148,58,2,8,2,3,6,75
1149,58,2,9,2,3,12,76
1150,58,2,10,1,3,5,0
1151,58,2,11,5,1,2,75
1152,58,2,12,6,1,5,15
1153,58,2,13,5,1,6,1
1154,58,2,14,3,2,9,51
1155,58,2,15,4,2,2,19
1156,58,2,16,4,2,6,50
1157,58,2,17,3,2,5,4
1158,58,2,18,1,3,6,75
1159,58,2,19,1,3,12,75
1160,58,2,20,2,3,5,0
1161,59,2,1,6,1,2,25
1162,59,2,2,5,1,5,25
1163,59,2,3,6,1,6,9
1164,59,2,4,4,2,9,25
1165,59,2,5,3,2,2,13
1166,59,2,6,3,2,6,25
1167,59,2,7,4,2,5,25
1168,59,2,8,2,3,6,50
1169,59,2,9,2,3,12,4
1170,59,2,10,1,3,5,0
1171,59,2,11,5,1,2,25
1172,59,2,12,6,1,5,26
1173,59,2,13,5,1,6,13
1174,59,2,14,3,2,9,26
1175,59,2,15,4,2,2,25
1176,59,2,16,4,2,6,25
1177,59,2,17,3,2,5,9
1178,59,2,18,1,3,6,50
1179,59,2,19,1,3,12,50
1180,59,2,20,2,3,5,0
1181,60,2,1,6,1,2,35
1182,60,2,2,5,1,5,35
1183,60,2,3,6,1,6,25
1184,60,2,4,4,2,9,35
1185,60,2,5,3,2,2,35
1186,60,2,6,3,2,6,35
1187,60,2,7,4,2,5,25
1188,60,2,8,2,3,6,35
1189,60,2,9,2,3,12,35
1190,60,2,10,1,3,5,25
1191,60,2,11,5,1,2,35
1192,60,2,12,6,1,5,35
1193,60,2,13,5,1,6,35
1194,60,2,14,3,2,9,25
1195,60,2,15,4,2,2,35
1196,60,2,16,4,2,6,35
1197,60,2,17,3,2,5,25
1198,60,2,18,1,3,6,25
1199,60,2,19,1,3,12,35
1200,60,2,20,2,3,5,25
1201,61,2,1,6,1,2,78
1202,61,2,2,5,1,5,84
1203,61,2,3,6,1,6,15
1204,61,2,4,4,2,9,62
1205,61,2,5,3,2,2,64
1206,61,2,6,3,2,6,51
1207,61,2,7,4,2,5,39
1208,61,2,8,2,3,6,76
1209,61,2,9,2,3,12,74
1210,61,2,10,1,3,5,50
1211,61,2,11,5,1,2,75
1212,61,2,12,6,1,5,79
1213,61,2,13,5,1,6,50
1214,61,2,14,3,2,9,52
1215,61,2,15,4,2,2,46
1216,61,2,16,4,2,6,54
1217,61,2,17,3,2,5,60
1218,61,2,18,1,3,6,65
1219,61,2,19,1,3,12,76
1220,61,2,20,2,3,5,51
1221,62,2,1,6,1,2,50
1222,62,2,2,5,1,5,18
1223,62,2,3,6,1,6,50
1224,62,2,4,4,2,9,75
1225,62,2,5,3,2,2,39
1226,62,2,6,3,2,6,50
1227,62,2,7,4,2,5,44
1228,62,2,8,2,3,6,49
1229,62,2,9,2,3,12,68
1230,62,2,10,1,3,5,47
1231,62,2,11,5,1,2,0
1232,62,2,12,6,1,5,50
1233,62,2,13,5,1,6,62
1234,62,2,14,3,2,9,63
1235,62,2,15,4,2,2,27
1236,62,2,16,4,2,6,51
1237,62,2,17,3,2,5,25
1238,62,2,18,1,3,6,83
1239,62,2,19,1,3,12,75
1240,62,2,20,2,3,5,29
1241,63,2,1,6,1,2,48
1242,63,2,2,5,1,5,79
1243,63,2,3,6,1,6,47
1244,63,2,4,4,2,9,75
1245,63,2,5,3,2,2,28
1246,63,2,6,3,2,6,65
1247,63,2,7,4,2,5,59
1248,63,2,8,2,3,6,87
1249,63,2,9,2,3,12,82
1250,63,2,10,1,3,5,19
1251,63,2,11,5,1,2,72
1252,63,2,12,6,1,5,43
1253,63,2,13,5,1,6,52
1254,63,2,14,3,2,9,68
1255,63,2,15,4,2,2,34
1256,63,2,16,4,2,6,83
1257,63,2,17,3,2,5,51
1258,63,2,18,1,3,6,83
1259,63,2,19,1,3,12,11
1260,63,2,20,2,3,5,26
1261,64,2,1,6,1,2,75
1262,64,2,2,5,1,5,75
1263,64,2,3,6,1,6,50
1264,64,2,4,4,2,9,75
1265,64,2,5,3,2,2,50
1266,64,2,6,3,2,6,50
1267,64,2,7,4,2,5,50
1268,64,2,8,2,3,6,50
1269,64,2,9,2,3,12,75
1270,64,2,10,1,3,5,0
1271,64,2,11,5,1,2,75
1272,64,2,12,6,1,5,75
1273,64,2,13,5,1,6,50
1274,64,2,14,3,2,9,50
1275,64,2,15,4,2,2,26
1276,64,2,16,4,2,6,50
1277,64,2,17,3,2,5,50
1278,64,2,18,1,3,6,75
1279,64,2,19,1,3,12,75
1280,64,2,20,2,3,5,25
1281,65,2,1,6,1,2,50
1282,65,2,2,5,1,5,50
1283,65,2,3,6,1,6,50
1284,65,2,4,4,2,9,50
1285,65,2,5,3,2,2,50
1286,65,2,6,3,2,6,50
1287,65,2,7,4,2,5,50
1288,65,2,8,2,3,6,50
1289,65,2,9,2,3,12,50
1290,65,2,10,1,3,5,50
1291,65,2,11,5,1,2,50
1292,65,2,12,6,1,5,50
1293,65,2,13,5,1,6,50
1294,65,2,14,3,2,9,50
1295,65,2,15,4,2,2,50
1296,65,2,16,4,2,6,50
1297,65,2,17,3,2,5,50
1298,65,2,18,1,3,6,50
1299,65,2,19,1,3,12,50
1300,65,2,20,2,3,5,50
1301,66,2,1,6,1,2,42
1302,66,2,2,5,1,5,87
1303,66,2,3,6,1,6,5
1304,66,2,4,4,2,9,100
1305,66,2,5,3,2,2,17
1306,66,2,6,3,2,6,75
1307,66,2,7,4,2,5,20
1308,66,2,8,2,3,6,95
1309,66,2,9,2,3,12,91
1310,66,2,10,1,3,5,15
1311,66,2,11,5,1,2,87
1312,66,2,12,6,1,5,93
1313,66,2,13,5,1,6,14
1314,66,2,14,3,2,9,75
1315,66,2,15,4,2,2,18
1316,66,2,16,4,2,6,75
1317,66,2,17,3,2,5,3
1318,66,2,18,1,3,6,75
1319,66,2,19,1,3,12,97
1320,66,2,20,2,3,5,19
1321,67,2,1,6,1,2,85
1322,67,2,2,5,1,5,86
1323,67,2,3,6,1,6,14
1324,67,2,4,4,2,9,70
1325,67,2,5,3,2,2,35
1326,67,2,6,3,2,6,59
1327,67,2,7,4,2,5,51
1328,67,2,8,2,3,6,87
1329,67,2,9,2,3,12,87
1330,67,2,10,1,3,5,13
1331,67,2,11,5,1,2,86
1332,67,2,12,6,1,5,91
1333,67,2,13,5,1,6,20
1334,67,2,14,3,2,9,79
1335,67,2,15,4,2,2,2
1336,67,2,16,4,2,6,70
1337,67,2,17,3,2,5,50
1338,67,2,18,1,3,6,91
1339,67,2,19,1,3,12,88
1340,67,2,20,2,3,5,13
1341,68,2,1,6,1,2,76
1342,68,2,2,5,1,5,71
1343,68,2,3,6,1,6,65
1344,68,2,4,4,2,9,68
1345,68,2,5,3,2,2,76
1346,68,2,6,3,2,6,64
1347,68,2,7,4,2,5,75
1348,68,2,8,2,3,6,65
1349,68,2,9,2,3,12,66
1350,68,2,10,1,3,5,76
1351,68,2,11,5,1,2,79
1352,68,2,12,6,1,5,71
1353,68,2,13,5,1,6,66
1354,68,2,14,3,2,9,63
1355,68,2,15,4,2,2,76
1356,68,2,16,4,2,6,69
1357,68,2,17,3,2,5,76
1358,68,2,18,1,3,6,69
1359,68,2,19,1,3,12,68
1360,68,2,20,2,3,5,75
1361,69,2,1,6,1,2,65
1362,69,2,2,5,1,5,60
1363,69,2,3,6,1,6,55
1364,69,2,4,4,2,9,50
1365,69,2,5,3,2,2,50
1366,69,2,6,3,2,6,50
1367,69,2,7,4,2,5,40
1368,69,2,8,2,3,6,50
1369,69,2,9,2,3,12,45
1370,69,2,10,1,3,5,40
1371,69,2,11,5,1,2,60
1372,69,2,12,6,1,5,55
1373,69,2,13,5,1,6,50
1374,69,2,14,3,2,9,50
1375,69,2,15,4,2,2,50
1376,69,2,16,4,2,6,50
1377,69,2,17,3,2,5,45
1378,69,2,18,1,3,6,50
1379,69,2,19,1,3,12,50
1380,69,2,20,2,3,5,60
1381,70,2,1,6,1,2,69
1382,70,2,2,5,1,5,72
1383,70,2,3,6,1,6,9
1384,70,2,4,4,2,9,51
1385,70,2,5,3,2,2,52
1386,70,2,6,3,2,6,50
1387,70,2,7,4,2,5,49
1388,70,2,8,2,3,6,88
1389,70,2,9,2,3,12,89
1390,70,2,10,1,3,5,26
1391,70,2,11,5,1,2,65
1392,70,2,12,6,1,5,94
1393,70,2,13,5,1,6,17
1394,70,2,14,3,2,9,75
1395,70,2,15,4,2,2,50
1396,70,2,16,4,2,6,50
1397,70,2,17,3,2,5,17
1398,70,2,18,1,3,6,91
1399,70,2,19,1,3,12,86
1400,70,2,20,2,3,5,14
1401,71,2,1,6,1,2,75
1402,71,2,2,5,1,5,50
1403,71,2,3,6,1,6,40
1404,71,2,4,4,2,9,100
1405,71,2,5,3,2,2,5
1406,71,2,6,3,2,6,50
1407,71,2,7,4,2,5,25
1408,71,2,8,2,3,6,75
1409,71,2,9,2,3,12,60
1410,71,2,10,1,3,5,40
1411,71,2,11,5,1,2,50
1412,71,2,12,6,1,5,90
1413,71,2,13,5,1,6,40
1414,71,2,14,3,2,9,100
1415,71,2,15,4,2,2,9
1416,71,2,16,4,2,6,50
1417,71,2,17,3,2,5,25
1418,71,2,18,1,3,6,75
1419,71,2,19,1,3,12,100
1420,71,2,20,2,3,5,15
1421,72,2,1,6,1,2,98
1422,72,2,2,5,1,5,98
1423,72,2,3,6,1,6,2
1424,72,2,4,4,2,9,48
1425,72,2,5,3,2,2,16
1426,72,2,6,3,2,6,46
1427,72,2,7,4,2,5,58
1428,72,2,8,2,3,6,100
1429,72,2,9,2,3,12,98
1430,72,2,10,1,3,5,0
1431,72,2,11,5,1,2,95
1432,72,2,12,6,1,5,98
1433,72,2,13,5,1,6,6
1434,72,2,14,3,2,9,47
1435,72,2,15,4,2,2,56
1436,72,2,16,4,2,6,44
1437,72,2,17,3,2,5,55
1438,72,2,18,1,3,6,99
1439,72,2,19,1,3,12,99
1440,72,2,20,2,3,5,5
1441,73,2,1,6,1,2,91
1442,73,2,2,5,1,5,75
1443,73,2,3,6,1,6,4
1444,73,2,4,4,2,9,50
1445,73,2,5,3,2,2,50
1446,73,2,6,3,2,6,50
1447,73,2,7,4,2,5,51
1448,73,2,8,2,3,6,87
1449,73,2,9,2,3,12,91
1450,73,2,10,1,3,5,0
1451,73,2,11,5,1,2,96
1452,73,2,12,6,1,5,89
1453,73,2,13,5,1,6,10
1454,73,2,14,3,2,9,50
1455,73,2,15,4,2,2,50
1456,73,2,16,4,2,6,50
1457,73,2,17,3,2,5,50
1458,73,2,18,1,3,6,97
1459,73,2,19,1,3,12,95
1460,73,2,20,2,3,5,0
1461,74,2,1,6,1,2,75
1462,74,2,2,5,1,5,75
1463,74,2,3,6,1,6,25
1464,74,2,4,4,2,9,60
1465,74,2,5,3,2,2,60
1466,74,2,6,3,2,6,60
1467,74,2,7,4,2,5,60
1468,74,2,8,2,3,6,75
1469,74,2,9,2,3,12,75
1470,74,2,10,1,3,5,25
1471,74,2,11,5,1,2,75
1472,74,2,12,6,1,5,75
1473,74,2,13,5,1,6,25
1474,74,2,14,3,2,9,60
1475,74,2,15,4,2,2,60
1476,74,2,16,4,2,6,60
1477,74,2,17,3,2,5,60
1478,74,2,18,1,3,6,75
1479,74,2,19,1,3,12,75
1480,74,2,20,2,3,5,25
1481,75,2,1,6,1,2,60
1482,75,2,2,5,1,5,64
1483,75,2,3,6,1,6,47
1484,75,2,4,4,2,9,50
1485,75,2,5,3,2,2,50
1486,75,2,6,3,2,6,53
1487,75,2,7,4,2,5,51
1488,75,2,8,2,3,6,50
1489,75,2,9,2,3,12,50
1490,75,2,10,1,3,5,58
1491,75,2,11,5,1,2,50
1492,75,2,12,6,1,5,69
1493,75,2,13,5,1,6,51
1494,75,2,14,3,2,9,40
1495,75,2,15,4,2,2,51
1496,75,2,16,4,2,6,53
1497,75,2,17,3,2,5,49
1498,75,2,18,1,3,6,56
1499,75,2,19,1,3,12,50
1500,75,2,20,2,3,5,50
1501,76,2,1,6,1,2,100
1502,76,2,2,5,1,5,49
1503,76,2,3,6,1,6,100
1504,76,2,4,4,2,9,100
1505,76,2,5,3,2,2,100
1506,76,2,6,3,2,6,100
1507,76,2,7,4,2,5,100
1508,76,2,8,2,3,6,100
1509,76,2,9,2,3,12,100
1510,76,2,10,1,3,5,100
1511,76,2,11,5,1,2,100
1512,76,2,12,6,1,5,100
1513,76,2,13,5,1,6,100
1514,76,2,14,3,2,9,100
1515,76,2,15,4,2,2,100
1516,76,2,16,4,2,6,100
1517,76,2,17,3,2,5,100
1518,76,2,18,1,3,6,100
1519,76,2,19,1,3,12,100
1520,76,2,20,2,3,5,100
1521,77,2,1,6,1,2,52
1522,77,2,2,5,1,5,52
1523,77,2,3,6,1,6,51
1524,77,2,4,4,2,9,51
1525,77,2,5,3,2,2,49
1526,77,2,6,3,2,6,51
1527,77,2,7,4,2,5,51
1528,77,2,8,2,3,6,52
1529,77,2,9,2,3,12,51
1530,77,2,10,1,3,5,52
1531,77,2,11,5,1,2,52
1532,77,2,12,6,1,5,51
1533,77,2,13,5,1,6,52
1534,77,2,14,3,2,9,52
1535,77,2,15,4,2,2,52
1536,77,2,16,4,2,6,52
1537,77,2,17,3,2,5,51
1538,77,2,18,1,3,6,51
1539,77,2,19,1,3,12,52
1540,77,2,20,2,3,5,54
1541,78,2,1,6,1,2,10
1542,78,2,2,5,1,5,8
1543,78,2,3,6,1,6,9
1544,78,2,4,4,2,9,6
1545,78,2,5,3,2,2,14
1546,78,2,6,3,2,6,5
1547,78,2,7,4,2,5,8
1548,78,2,8,2,3,6,6
1549,78,2,9,2,3,12,1
1550,78,2,10,1,3,5,11
1551,78,2,11,5,1,2,5
1552,78,2,12,6,1,5,11
1553,78,2,13,5,1,6,13
1554,78,2,14,3,2,9,8
1555,78,2,15,4,2,2,6
1556,78,2,16,4,2,6,20
1557,78,2,17,3,2,5,6
1558,78,2,18,1,3,6,16
1559,78,2,19,1,3,12,11
1560,78,2,20,2,3,5,9
1561,79,2,1,6,1,2,50
1562,79,2,2,5,1,5,51
1563,79,2,3,6,1,6,50
1564,79,2,4,4,2,9,50
1565,79,2,5,3,2,2,50
1566,79,2,6,3,2,6,50
1567,79,2,7,4,2,5,50
1568,79,2,8,2,3,6,50
1569,79,2,9,2,3,12,50
1570,79,2,10,1,3,5,50
1571,79,2,11,5,1,2,50
1572,79,2,12,6,1,5,50
1573,79,2,13,5,1,6,50
1574,79,2,14,3,2,9,50
1575,79,2,15,4,2,2,50
1576,79,2,16,4,2,6,50
1577,79,2,17,3,2,5,50
1578,79,2,18,1,3,6,50
1579,79,2,19,1,3,12,50
1580,79,2,20,2,3,5,50
1581,80,2,1,6,1,2,52
1582,80,2,2,5,1,5,46
1583,80,2,3,6,1,6,53
1584,80,2,4,4,2,9,47
1585,80,2,5,3,2,2,49
1586,80,2,6,3,2,6,46
1587,80,2,7,4,2,5,44
1588,80,2,8,2,3,6,45
1589,80,2,9,2,3,12,46
1590,80,2,10,1,3,5,50
1591,80,2,11,5,1,2,42
1592,80,2,12,6,1,5,49
1593,80,2,13,5,1,6,46
1594,80,2,14,3,2,9,48
1595,80,2,15,4,2,2,56
1596,80,2,16,4,2,6,50
1597,80,2,17,3,2,5,44
1598,80,2,18,1,3,6,49
1599,80,2,19,1,3,12,48
1600,80,2,20,2,3,5,51
1601,81,2,1,6,1,2,67
1602,81,2,2,5,1,5,51
1603,81,2,3,6,1,6,32
1604,81,2,4,4,2,9,81
1605,81,2,5,3,2,2,46
1606,81,2,6,3,2,6,60
1607,81,2,7,4,2,5,70
1608,81,2,8,2,3,6,90
1609,81,2,9,2,3,12,96
1610,81,2,10,1,3,5,44
1611,81,2,11,5,1,2,92
1612,81,2,12,6,1,5,47
1613,81,2,13,5,1,6,34
1614,81,2,14,3,2,9,86
1615,81,2,15,4,2,2,58
1616,81,2,16,4,2,6,54
1617,81,2,17,3,2,5,57
1618,81,2,18,1,3,6,92
1619,81,2,19,1,3,12,96
1620,81,2,20,2,3,5,68
1621,82,2,1,6,1,2,50
1622,82,2,2,5,1,5,50
1623,82,2,3,6,1,6,50
1624,82,2,4,4,2,9,50
1625,82,2,5,3,2,2,50
1626,82,2,6,3,2,6,50
1627,82,2,7,4,2,5,50
1628,82,2,8,2,3,6,50
1629,82,2,9,2,3,12,50
1630,82,2,10,1,3,5,50
1631,82,2,11,5,1,2,50
1632,82,2,12,6,1,5,50
1633,82,2,13,5,1,6,50
1634,82,2,14,3,2,9,50
1635,82,2,15,4,2,2,50
1636,82,2,16,4,2,6,50
1637,82,2,17,3,2,5,50
1638,82,2,18,1,3,6,50
1639,82,2,19,1,3,12,50
1640,82,2,20,2,3,5,50
1641,83,2,1,6,1,2,45
1642,83,2,2,5,1,5,23
1643,83,2,3,6,1,6,67
1644,83,2,4,4,2,9,65
1645,83,2,5,3,2,2,35
1646,83,2,6,3,2,6,58
1647,83,2,7,4,2,5,32
1648,83,2,8,2,3,6,84
1649,83,2,9,2,3,12,97
1650,83,2,10,1,3,5,16
1651,83,2,11,5,1,2,36
1652,83,2,12,6,1,5,27
1653,83,2,13,5,1,6,55
1654,83,2,14,3,2,9,62
1655,83,2,15,4,2,2,47
1656,83,2,16,4,2,6,61
1657,83,2,17,3,2,5,31
1658,83,2,18,1,3,6,79
1659,83,2,19,1,3,12,76
1660,83,2,20,2,3,5,15
1661,84,2,1,6,1,2,31
1662,84,2,2,5,1,5,84
1663,84,2,3,6,1,6,57
1664,84,2,4,4,2,9,68
1665,84,2,5,3,2,2,55
1666,84,2,6,3,2,6,83
1667,84,2,7,4,2,5,69
1668,84,2,8,2,3,6,75
1669,84,2,9,2,3,12,88
1670,84,2,10,1,3,5,23
1671,84,2,11,5,1,2,78
1672,84,2,12,6,1,5,73
1673,84,2,13,5,1,6,68
1674,84,2,14,3,2,9,75
1675,84,2,15,4,2,2,26
1676,84,2,16,4,2,6,84
1677,84,2,17,3,2,5,43
1678,84,2,18,1,3,6,57
1679,84,2,19,1,3,12,73
1680,84,2,20,2,3,5,25
1681,85,2,1,6,1,2,99
1682,85,2,2,5,1,5,100
1683,85,2,3,6,1,6,94
1684,85,2,4,4,2,9,98
1685,85,2,5,3,2,2,75
1686,85,2,6,3,2,6,87
1687,85,2,7,4,2,5,94
1688,85,2,8,2,3,6,96
1689,85,2,9,2,3,12,98
1690,85,2,10,1,3,5,86
1691,85,2,11,5,1,2,100
1692,85,2,12,6,1,5,96
1693,85,2,13,5,1,6,27
1694,85,2,14,3,2,9,89
1695,85,2,15,4,2,2,77
1696,85,2,16,4,2,6,81
1697,85,2,17,3,2,5,77
1698,85,2,18,1,3,6,93
1699,85,2,19,1,3,12,94
1700,85,2,20,2,3,5,70
1701,86,2,1,6,1,2,88
1702,86,2,2,5,1,5,92
1703,86,2,3,6,1,6,6
1704,86,2,4,4,2,9,60
1705,86,2,5,3,2,2,33
1706,86,2,6,3,2,6,18
1707,86,2,7,4,2,5,40
1708,86,2,8,2,3,6,95
1709,86,2,9,2,3,12,93
1710,86,2,10,1,3,5,0
1711,86,2,11,5,1,2,88
1712,86,2,12,6,1,5,80
1713,86,2,13,5,1,6,0
1714,86,2,14,3,2,9,56
1715,86,2,15,4,2,2,34
1716,86,2,16,4,2,6,68
1717,86,2,17,3,2,5,48
1718,86,2,18,1,3,6,96
1719,86,2,19,1,3,12,98
1720,86,2,20,2,3,5,0
1721,87,2,1,6,1,2,42
1722,87,2,2,5,1,5,47
1723,87,2,3,6,1,6,10
1724,87,2,4,4,2,9,66
1725,87,2,5,3,2,2,28
1726,87,2,6,3,2,6,52
1727,87,2,7,4,2,5,50
1728,87,2,8,2,3,6,76
1729,87,2,9,2,3,12,6
1730,87,2,10,1,3,5,17
1731,87,2,11,5,1,2,17
1732,87,2,12,6,1,5,23
1733,87,2,13,5,1,6,9
1734,87,2,14,3,2,9,49
1735,87,2,15,4,2,2,7
1736,87,2,16,4,2,6,49
1737,87,2,17,3,2,5,10
1738,87,2,18,1,3,6,75
1739,87,2,19,1,3,12,90
1740,87,2,20,2,3,5,27
1741,88,2,1,6,1,2,85
1742,88,2,2,5,1,5,85
1743,88,2,3,6,1,6,85
1744,88,2,4,4,2,9,83
1745,88,2,5,3,2,2,85
1746,88,2,6,3,2,6,86
1747,88,2,7,4,2,5,85
1748,88,2,8,2,3,6,85
1749,88,2,9,2,3,12,85
1750,88,2,10,1,3,5,85
1751,88,2,11,5,1,2,85
1752,88,2,12,6,1,5,85
1753,88,2,13,5,1,6,85
1754,88,2,14,3,2,9,85
1755,88,2,15,4,2,2,85
1756,88,2,16,4,2,6,85
1757,88,2,17,3,2,5,85
1758,88,2,18,1,3,6,85
1759,88,2,19,1,3,12,85
1760,88,2,20,2,3,5,85
1761,89,2,1,6,1,2,95
1762,89,2,2,5,1,5,96
1763,89,2,3,6,1,6,18
1764,89,2,4,4,2,9,50
1765,89,2,5,3,2,2,50
1766,89,2,6,3,2,6,52
1767,89,2,7,4,2,5,50
1768,89,2,8,2,3,6,93
1769,89,2,9,2,3,12,96
1770,89,2,10,1,3,5,4
1771,89,2,11,5,1,2,96
1772,89,2,12,6,1,5,96
1773,89,2,13,5,1,6,3
1774,89,2,14,3,2,9,51
1775,89,2,15,4,2,2,49
1776,89,2,16,4,2,6,50
1777,89,2,17,3,2,5,75
1778,89,2,18,1,3,6,95
1779,89,2,19,1,3,12,95
1780,89,2,20,2,3,5,5
1781,90,2,1,6,1,2,29
1782,90,2,2,5,1,5,55
1783,90,2,3,6,1,6,53
1784,90,2,4,4,2,9,57
1785,90,2,5,3,2,2,18
1786,90,2,6,3,2,6,45
1787,90,2,7,4,2,5,58
1788,90,2,8,2,3,6,60
1789,90,2,9,2,3,12,98
1790,90,2,10,1,3,5,51
1791,90,2,11,5,1,2,46
1792,90,2,12,6,1,5,39
1793,90,2,13,5,1,6,52
1794,90,2,14,3,2,9,55
1795,90,2,15,4,2,2,25
1796,90,2,16,4,2,6,51
1797,90,2,17,3,2,5,40
1798,90,2,18,1,3,6,8
1799,90,2,19,1,3,12,12
1800,90,2,20,2,3,5,19
1801,91,2,1,6,1,2,3
1802,91,2,2,5,1,5,3
1803,91,2,3,6,1,6,17
1804,91,2,4,4,2,9,3
1805,91,2,5,3,2,2,15
1806,91,2,6,3,2,6,3
1807,91,2,7,4,2,5,3
1808,91,2,8,2,3,6,5
1809,91,2,9,2,3,12,5
1810,91,2,10,1,3,5,5
1811,91,2,11,5,1,2,3
1812,91,2,12,6,1,5,3
1813,91,2,13,5,1,6,3
1814,91,2,14,3,2,9,3
1815,91,2,15,4,2,2,3
1816,91,2,16,4,2,6,3
1817,91,2,17,3,2,5,3
1818,91,2,18,1,3,6,5
1819,91,2,19,1,3,12,5
1820,91,2,20,2,3,5,5
1821,92,2,1,6,1,2,42
1822,92,2,2,5,1,5,44
1823,92,2,3,6,1,6,98
1824,92,2,4,4,2,9,98
1825,92,2,5,3,2,2,44
1826,92,2,6,3,2,6,99
1827,92,2,7,4,2,5,41
1828,92,2,8,2,3,6,99
1829,92,2,9,2,3,12,97
1830,92,2,10,1,3,5,41
1831,92,2,11,5,1,2,42
1832,92,2,12,6,1,5,12
1833,92,2,13,5,1,6,100
1834,92,2,14,3,2,9,97
1835,92,2,15,4,2,2,41
1836,92,2,16,4,2,6,97
1837,92,2,17,3,2,5,35
1838,92,2,18,1,3,6,97
1839,92,2,19,1,3,12,98
1840,92,2,20,2,3,5,39
1841,93,2,1,6,1,2,15
1842,93,2,2,5,1,5,31
1843,93,2,3,6,1,6,72
1844,93,2,4,4,2,9,74
1845,93,2,5,3,2,2,38
1846,93,2,6,3,2,6,70
1847,93,2,7,4,2,5,36
1848,93,2,8,2,3,6,43
1849,93,2,9,2,3,12,73
1850,93,2,10,1,3,5,41
1851,93,2,11,5,1,2,48
1852,93,2,12,6,1,5,22
1853,93,2,13,5,1,6,56
1854,93,2,14,3,2,9,71
1855,93,2,15,4,2,2,13
1856,93,2,16,4,2,6,61
1857,93,2,17,3,2,5,31
1858,93,2,18,1,3,6,64
1859,93,2,19,1,3,12,82
1860,93,2,20,2,3,5,29
1861,94,2,1,6,1,2,62
1862,94,2,2,5,1,5,52
1863,94,2,3,6,1,6,62
1864,94,2,4,4,2,9,67
1865,94,2,5,3,2,2,70
1866,94,2,6,3,2,6,79
1867,94,2,7,4,2,5,54
1868,94,2,8,2,3,6,75
1869,94,2,9,2,3,12,86
1870,94,2,10,1,3,5,39
1871,94,2,11,5,1,2,65
1872,94,2,12,6,1,5,50
1873,94,2,13,5,1,6,65
1874,94,2,14,3,2,9,72
1875,94,2,15,4,2,2,41
1876,94,2,16,4,2,6,75
1877,94,2,17,3,2,5,51
1878,94,2,18,1,3,6,86
1879,94,2,19,1,3,12,82
1880,94,2,20,2,3,5,33
1881,95,2,1,6,1,2,83
1882,95,2,2,5,1,5,82
1883,95,2,3,6,1,6,90
1884,95,2,4,4,2,9,73
1885,95,2,5,3,2,2,89
1886,95,2,6,3,2,6,55
1887,95,2,7,4,2,5,86
1888,95,2,8,2,3,6,96
1889,95,2,9,2,3,12,92
1890,95,2,10,1,3,5,84
1891,95,2,11,5,1,2,85
1892,95,2,12,6,1,5,84
1893,95,2,13,5,1,6,92
1894,95,2,14,3,2,9,83
1895,95,2,15,4,2,2,89
1896,95,2,16,4,2,6,67
1897,95,2,17,3,2,5,90
1898,95,2,18,1,3,6,90
1899,95,2,19,1,3,12,86
1900,95,2,20,2,3,5,86
1901,96,2,1,6,1,2,85
1902,96,2,2,5,1,5,61
1903,96,2,3,6,1,6,21
1904,96,2,4,4,2,9,49
1905,96,2,5,3,2,2,66
1906,96,2,6,3,2,6,57
1907,96,2,7,4,2,5,64
1908,96,2,8,2,3,6,81
1909,96,2,9,2,3,12,78
1910,96,2,10,1,3,5,29
1911,96,2,11,5,1,2,19
1912,96,2,12,6,1,5,84
1913,96,2,13,5,1,6,11
1914,96,2,14,3,2,9,64
1915,96,2,15,4,2,2,64
1916,96,2,16,4,2,6,42
1917,96,2,17,3,2,5,68
1918,96,2,18,1,3,6,80
1919,96,2,19,1,3,12,36
1920,96,2,20,2,3,5,39
1921,97,2,1,6,1,2,88
1922,97,2,2,5,1,5,88
1923,97,2,3,6,1,6,15
1924,97,2,4,4,2,9,70
1925,97,2,5,3,2,2,11
1926,97,2,6,3,2,6,70
1927,97,2,7,4,2,5,30
1928,97,2,8,2,3,6,95
1929,97,2,9,2,3,12,95
1930,97,2,10,1,3,5,5
1931,97,2,11,5,1,2,88
1932,97,2,12,6,1,5,12
1933,97,2,13,5,1,6,12
1934,97,2,14,3,2,9,70
1935,97,2,15,4,2,2,29
1936,97,2,16,4,2,6,70
1937,97,2,17,3,2,5,30
1938,97,2,18,1,3,6,95
1939,97,2,19,1,3,12,95
1940,97,2,20,2,3,5,3
1941,98,2,1,6,1,2,96
1942,98,2,2,5,1,5,99
1943,98,2,3,6,1,6,97
1944,98,2,4,4,2,9,98
1945,98,2,5,3,2,2,97
1946,98,2,6,3,2,6,97
1947,98,2,7,4,2,5,98
1948,98,2,8,2,3,6,100
1949,98,2,9,2,3,12,98
1950,98,2,10,1,3,5,87
1951,98,2,11,5,1,2,99
1952,98,2,12,6,1,5,99
1953,98,2,13,5,1,6,75
1954,98,2,14,3,2,9,99
1955,98,2,15,4,2,2,97
1956,98,2,16,4,2,6,98
1957,98,2,17,3,2,5,98
1958,98,2,18,1,3,6,99
1959,98,2,19,1,3,12,98
1960,98,2,20,2,3,5,89
1961,99,2,1,6,1,2,9
1962,99,2,2,5,1,5,14
1963,99,2,3,6,1,6,12
1964,99,2,4,4,2,9,11
1965,99,2,5,3,2,2,9
1966,99,2,6,3,2,6,11
1967,99,2,7,4,2,5,9
1968,99,2,8,2,3,6,9
1969,99,2,9,2,3,12,9
1970,99,2,10,1,3,5,25
1971,99,2,11,5,1,2,17
1972,99,2,12,6,1,5,15
1973,99,2,13,5,1,6,7
1974,99,2,14,3,2,9,20
1975,99,2,15,4,2,2,11
1976,99,2,16,4,2,6,10
1977,99,2,17,3,2,5,11
1978,99,2,18,1,3,6,10
1979,99,2,19,1,3,12,10
1980,99,2,20,2,3,5,8
1981,100,2,1,6,1,2,25
1982,100,2,2,5,1,5,31
1983,100,2,3,6,1,6,80
1984,100,2,4,4,2,9,97
1985,100,2,5,3,2,2,86
1986,100,2,6,3,2,6,21
1987,100,2,7,4,2,5,20
1988,100,2,8,2,3,6,70
1989,100,2,9,2,3,12,99
1990,100,2,10,1,3,5,23
1991,100,2,11,5,1,2,36
1992,100,2,12,6,1,5,33
1993,100,2,13,5,1,6,85
1994,100,2,14,3,2,9,74
1995,100,2,15,4,2,2,25
1996,100,2,16,4,2,6,76
1997,100,2,17,3,2,5,43
1998,100,2,18,1,3,6,1
1999,100,2,19,1,3,12,91
2000,100,2,20,2,3,5,5
2001,101,2,1,6,1,2,39
2002,101,2,2,5,1,5,24
2003,101,2,3,6,1,6,39
2004,101,2,4,4,2,9,75
2005,101,2,5,3,2,2,15
2006,101,2,6,3,2,6,57
2007,101,2,7,4,2,5,25
2008,101,2,8,2,3,6,62
2009,101,2,9,2,3,12,91
2010,101,2,10,1,3,5,2
2011,101,2,11,5,1,2,40
2012,101,2,12,6,1,5,5
2013,101,2,13,5,1,6,60
2014,101,2,14,3,2,9,20
2015,101,2,15,4,2,2,10
2016,101,2,16,4,2,6,51
2017,101,2,17,3,2,5,14
2018,101,2,18,1,3,6,67
2019,101,2,19,1,3,12,83
2020,101,2,20,2,3,5,43
2021,102,2,1,6,1,2,70
2022,102,2,2,5,1,5,64
2023,102,2,3,6,1,6,86
2024,102,2,4,4,2,9,56
2025,102,2,5,3,2,2,77
2026,102,2,6,3,2,6,72
2027,102,2,7,4,2,5,64
2028,102,2,8,2,3,6,73
2029,102,2,9,2,3,12,70
2030,102,2,10,1,3,5,72
2031,102,2,11,5,1,2,57
2032,102,2,12,6,1,5,74
2033,102,2,13,5,1,6,74
2034,102,2,14,3,2,9,48
2035,102,2,15,4,2,2,76
2036,102,2,16,4,2,6,75
2037,102,2,17,3,2,5,76
2038,102,2,18,1,3,6,76
2039,102,2,19,1,3,12,75
2040,102,2,20,2,3,5,60
